[
  {
    "question": "1. 'மொழியின் தோற்றம் ஆய்வுக்கு அப்பாற்பட்டது' என்ற தொடர் உணர்த்தும் நுண்பொருள் யாது?",
    "options": [
      "மொழியின் தோற்றத்தை எளிதில் அறியலாம்.",
      "மொழியின் தோற்றம் கடவுளால் மட்டுமே அறியப்பட்டது.",
      "மொழியின் தோற்றம் குறித்த ஆய்வுகள் தேவையற்றவை.",
      "மொழியின் மூலத்தை தர்க்கரீதியான ஆய்வுகளால் முழுமையாக வரையறுக்க இயலாது."
    ],
    "answer": 3,
    "explanation": "\"ஆய்வுக்கு அப்பாற்பட்டது\" என்பது, அதன் ஆதி மூலத்தை தற்போதைய அறிவியல் அல்லது தர்க்க ஆய்வுகளின் மூலம் முழுமையாகக் கண்டறிந்து வரையறுப்பது இயலாத ஒன்று என்பதைக் குறிக்கிறது."
  },
  {
    "question": "2. '\"வடமொழியும், தென்மொழியும் பிறந்தன\" - இத்தொடரில் 'உம்' என்பது எப்பொருளில் வந்துள்ளது?'",
    "options": [
      "சிறப்பு உம்மை",
      "எண்ணும்மை",
      "இழிவு உம்மை",
      "முற்றும்மை"
    ],
    "answer": 1,
    "explanation": "\"எண்ணும்மை\" என்பது, \"வடமொழியும்\", \"தென்மொழியும்\" என இரண்டு பொருள்களை வரிசைப்படுத்தி 'எண்ணிக்' கூறும்போது (enumerating) பயன்படுத்தப்படும்."
  },
  {
    "question": "3. இப்பாடப்பகுதியின்படி, பாணினியையும் அகத்தியரையும் இணைக்கும் பொதுவான கருத்தியல் என்ன?",
    "options": [
      "இருவரும் மொழியியல் அறிஞர்கள்.",
      "இருவரும் சிவபெருமானிடமிருந்து மொழியைப் பெற்றவர்கள்.",
      "இருவரும் ஒருவருக்கொருவர் மொழிகளைப் பரிமாறிக் கொண்டனர்.",
      "இருவரும் உடுக்கையின் ஒலியைக் கேட்டவர்கள்."
    ],
    "answer": 1,
    "explanation": "பாடப்பகுதியின்படி, \"வடமொழியைப் பாணினிக்குக் கொடுத்தவர் சிவபெருமான்\" என்றும், \"தென்மொழியை அகத்தியருக்குக் கொடுத்தவர் சிவபெருமான்\" என்றும் குறிப்பிடப்பட்டுள்ளது."
  },
  {
    "question": "4. 'மொழியின் தொடக்கத்தில் அடிச்சொற்கள் இல்லை, நீண்ட ஒலித்தொடர்களே இருந்தன' என்ற கருத்து, மொழியின் பரிணாமம் பற்றி என்ன கூறுகிறது?",
    "options": [
      "மொழி முதலில் முழுமையான வாக்கியங்களாகத் தோன்றி, பின்னரே சொற்களாகப் பிரிந்தது.",
      "ஆதி மனிதர்கள் சொற்களை உருவாக்கத் திறனற்றிருந்தனர்.",
      "அடிச்சொற்கள் என்பவை பிற்கால இலக்கண அறிஞர்களின் கற்பனையே.",
      "ஒலித்தொடர்கள் அனைத்தும் அடிச்சொற்களிலிருந்து உருவானவை."
    ],
    "answer": 0,
    "explanation": "\"நீண்ட ஒலித்தொடர்கள்\" (வாக்கியங்கள்) முதலில் தோன்றி, பின்னர் அவை சிறிய அலகுகளாக (அடிச்சொற்கள்) பகுத்தறியப்பட்டு, \"படைத்துக் கொள்ளப்பட்டன\" என்று உரை குறிப்பிடுகிறது."
  },
  {
    "question": "5. '...அடிச்சொற்கள் படைத்துக் கொள்ளப்பட்டன.' - இத்தொடரில் 'கொள்ளப்பட்டன' என்பது எவ்வகையான இலக்கண அமைப்பைக் குறிக்கிறது?",
    "options": [
      "பிறவினைத் தொடர்",
      "தன்வினைத் தொடர்",
      "செயப்பாட்டு வினைத் தொடர் (Passive Voice)",
      "உடன்பாட்டு வினை"
    ],
    "answer": 2,
    "explanation": "\"படு\" (பட்) எனும் பகுதி, இது செயப்பாட்டு வினை (Passive Voice) என்பதைக் காட்டுகிறது. (அவை மனிதர்களால் படைக்கப்பட்டன)."
  },
  {
    "question": "6. இப்பாடப்பகுதி 'மொழியைத் தந்தவர்' என்று குறிப்பிடும் பட்டியலில், ஐரோப்பிய மொழிகளுடன் தொடர்பற்ற நபர் யார்?",
    "options": [
      "சாசர் (Chaucer)",
      "லூதர் (Luther)",
      "அகத்தியர் (Agathiyar)",
      "தாந்தே (Dante)"
    ],
    "answer": 2,
    "explanation": "தாந்தே (இத்தாலிய), சாசர் (ஆங்கில), மற்றும் லூதர் (ஜெர்மன்) ஆகியோர் ஐரோப்பிய மொழிகளுடன் தொடர்புடையவர்கள். அகத்தியர் 'தென்மொழி' (தமிழ்) தந்தவராகக் குறிப்பிடப்பட்டுள்ளார்."
  },
  {
    "question": "7. 'பூ-பூ கொள்கை' (Pooh-pooh theory) என்பது மொழியின் எந்த அம்சத்தை அடிப்படையாகக் கொண்டது?",
    "options": [
      "விலங்குகளின் ஒலியைப் பின்பற்றுதல்",
      "பொருள்களின் இயற்கையான பண்பு",
      "மனிதனின் தன்னிச்சையான உணர்ச்சி வெளிப்பாடுகள்",
      "கூட்டு வேலையின் போது எழும் ஒலி"
    ],
    "answer": 2,
    "explanation": "இது 'உணர்ச்சி மொழிக் கொள்கை'யைக் குறிக்கிறது. வலி, மகிழ்ச்சி ('ஆ!', 'ஊ!') போன்ற தன்னிச்சையான உணர்ச்சி ஒலிகளிலிருந்து மொழி பிறந்திருக்கலாம் என்பதே இக்கொள்கை."
  },
  {
    "question": "8. 'நீண்ட ஒலித்தொடர்களே ஆகும்' - இத்தொடரில் 'ஒலித்தொடர்களே' என்பதில் உள்ள 'ஏ'காரம் எதைக் குறிக்கிறது?",
    "options": [
      "ஐயப் பொருள் (Doubt)",
      "பிரிநிலை (Exclusion)",
      "தேற்றம் (Emphasis / Certainty)",
      "வினாப் பொருள் (Question)"
    ],
    "answer": 2,
    "explanation": "அடிச்சொற்கள் இல்லை என்று மறுத்து, 'நீண்ட ஒலித்தொடர்கள்தாம்' என்று ஒரு கருத்தை உறுதிப்படுத்திக் கூற 'ஏ'காரம் பயன்படுத்தப்பட்டுள்ளது."
  },
  {
    "question": "9. 'தனிநிலை மொழி' (Isolating Language) என்பதன் இலக்கணம் யாது?",
    "options": [
      "பகுதி, இடைநிலை, விகுதி என அனைத்தும் பிரிக்க இயலாமல் பிணைந்திருக்கும்.",
      "சொற்கள் பெரும்பாலும் விகுதி அல்லது இடைநிலை சேர்ப்பின்றியே, பகுதியாகவே நின்று பொருள் தரும்.",
      "ஒவ்வொரு சொல்லும் பல இடைநிலைகளைக் கொண்டிருக்கும்.",
      "விகுதிகள் மட்டுமே மொழியின் பொருளைத் தீர்மானிக்கும்."
    ],
    "answer": 1,
    "explanation": "பாடப்பகுதி வரையறை: 'இடைநிலை, விகுதி இல்லாமல் பகுதியாகவே உள்ள சொற்களைக் கொண்ட மொழி தனிநிலை மொழி எனப்படும்.'"
  },
  {
    "question": "10. 'பவ்-வவ்' கொள்கையை (Bow-wow theory) 'போலி மொழிக்கொள்கை' என்று அழைப்பதன் காரணம் என்ன?",
    "options": [
      "அது ஒரு பொய்யான கொள்கை என்பதால்.",
      "அது இயற்கையான ஒலிகளைப் போலச் செய்வதால் (ஒப்புமை / Onomatopoeia).",
      "அது இலக்கணம் இல்லாத மொழி என்பதால்.",
      "அது குழந்தைகளால் மட்டும் பேசப்படுவதால்."
    ],
    "answer": 1,
    "explanation": "இக்கொள்கை, விலங்குகளின் ஒலிகளைப் போலச் செய்து (imitating) உருவாக்கிய ஒலிகளிலிருந்து மொழி பிறந்ததைக் குறிக்கிறது. இங்கு 'போலி' என்பது 'போலச் செய்தல்' (imitation) என்ற பொருளில் வந்துள்ளது."
  },
  {
    "question": "11. 'தனிநிலை மொழிக்கு' (Isolating Language) எதிர்ச் சொல்லாக (antonym) அமையும் மொழியியல் கருதுகோள் எது?",
    "options": [
      "இசை மொழிக் கொள்கை",
      "ஒட்டுநிலை மொழி (Agglutinative language)",
      "பண்பு மொழிக் கொள்கை",
      "போலி மொழிக் கொள்கை"
    ],
    "answer": 1,
    "explanation": "'தனிநிலை' (Isolating) என்பதற்கு மாறாக, 'ஒட்டுநிலை' (Agglutinative) என்பது, ஒரு பகுதியுடன் பல ஒட்டுக்கள் (இடைநிலை, விகுதி) ஒட்டிக்கொண்டு பொருளைத் தருவதாகும்."
  },
  {
    "question": "12. தாந்தே, சாசர், மற்றும் லூதர் ஆகியோரைக் குறிப்பிடுவதன் மூலம், ஆசிரியர் எதை விளக்க முற்படுகிறார்?",
    "options": [
      "உலக மொழிகள் அனைத்தும் சிவபெருமானால் வழங்கப்பட்டன.",
      "ஐரோப்பிய மொழிகள் தமிழ் மற்றும் சமஸ்கிருதத்தை விட மேன்மையானவை.",
      "குறிப்பிட்ட நபர்களின் பங்களிப்பால் மொழிகள் செம்மை பெற்று, நிலைபெறுகின்றன.",
      "ஜெர்மன், ஆங்கிலம், இத்தாலிய மொழிகள் அனைத்தும் ஒரே மூலத்திலிருந்து வந்தவை."
    ],
    "answer": 2,
    "explanation": "அகத்தியர், பாணினி போல, இவர்களும் (தாந்தே, சாசர், லூதர்) தங்கள் மொழிகளின் வளர்ச்சிக்கு, செம்மைக்கு, அல்லது நிலைபெறுதலுக்குக் காரணமாக அமைந்த 'தந்தையர்' என்ற கருத்தியல் வரிசையில் குறிப்பிடப்படுகின்றனர்."
  },
  {
    "question": "13. 'டிங்-டாங் கொள்கை' என்பதை 'பண்பு மொழிக் கொள்கை' என்று அழைப்பதன் இலக்கண/அருத்த அடிப்படை யாது?",
    "options": [
      "இக்கொள்கை மொழியின் நற்பண்புகளைப் பற்றிக் கூறுவதால்.",
      "பொருளின் பண்பிற்கும் (quality), அதைக் குறிக்கும் ஒலிக்கும் (sound) உள்ள இயல்பான தொடர்பை இது குறிப்பதால்.",
      "இது பண்பான முறையில் பேசும் மொழியைக் குறிப்பதால்.",
      "இது 'டிங்-டாங்' போன்ற பண்பற்ற (nonsensical) ஒலிகளைப் பற்றிப் பேசுவதால்."
    ],
    "answer": 1,
    "explanation": "இக்கொள்கை, ஒவ்வொரு பொருளுக்கும் இயல்பாகவே ஒரு 'ஒலி அதிர்வு' உண்டு என்றும், அந்தப் பொருளின் பண்பை ஒட்டியே அதன் ஒலியும் (பெயரும்) அமையும் என்றும் கூறுகிறது."
  },
  {
    "question": "14. 'லச்' (Lech) என்பது எதை குறிக்க வாய்ப்புள்ளது?",
    "options": [
      "லத்தீன் மொழியின் ஒரு கிளைமொழி.",
      "ஜெர்மன் மொழியின் பழைய பெயர்.",
      "போலந்து (Poland) நாட்டைச் சார்ந்த ஒரு மேற்கு ஸ்லாவிக் மொழி (Lechitic languages).",
      "கிரிஸ்டோபர் பெடெர்ஸன் உருவாக்கிய ஒரு செயற்கை மொழி."
    ],
    "answer": 2,
    "explanation": "'Lechitic' மொழிகள் என்பது போலந்து மொழியை உள்ளடக்கிய மேற்கு ஸ்லாவிக் மொழிக் குடும்பத்தின் ஒரு பகுதியைக் குறிக்கும்."
  },
  {
    "question": "15. 'யோ-ஹே-ஹோ கொள்கை' (Yo-he-ho theory) என்பது 'தொழில் ஒலிக் கொள்கை' என அழைக்கப்படுவதன் காரணம் என்ன?",
    "options": [
      "இது மொழியின் முக்கியத் தொழிலைப் (function) பற்றிப் பேசுவதால்.",
      "இது தொழில்முறைப் பாடகர்களால் உருவாக்கப்பட்டதால்.",
      "மனிதர்கள் கூட்டாகக் கடின உழைப்பு/தொழில் செய்யும்போது, தாளத்திற்காக எழுப்பும் ஒலிகளிலிருந்து பிறந்ததால்.",
      "இது 'யோ-ஹே-ஹோ' போன்ற ஒலிகளைத் தொழிலாகக் கொண்டவர்களைப் பற்றிக் குறிப்பதால்."
    ],
    "answer": 2,
    "explanation": "இது கூட்டுத் தாள ஒலிகளின் மூலம் மொழி உருவாகியிருக்கலாம் என்று கூறும் கொள்கை."
  },
  {
    "question": "16. 'மொழியின் தோற்றம் ஆய்வுக்கு அப்பாற்பட்டது' - இக்கூற்று எதைக் குறிக்கிறது?",
    "options": [
      "இது ஒரு வரலாற்று நிகழ்வு (Historical event)",
      "இது ஒரு தொன்மவியல் கருத்து (Mythological concept)",
      "இது ஒரு மொழியியல் கருதுகோள் (Linguistic hypothesis)",
      "இது ஒரு அறிவியல் கோட்பாடு (Scientific theory)"
    ],
    "answer": 2,
    "explanation": "\"அறிவியல் கோட்பாடு\" என்பது நிரூபிக்கப்பட்ட கருத்து; இக்கூற்று நிரூபிக்க இயலாத அனுமானமானதால் 'கருதுகோள்' ஆகும்."
  },
  {
    "question": "17. மொழிக் கொள்கைகளில், மனிதனின் உடல் உழைப்புடன் (Physical Labor) நேரடியாகத் தொடர்புடையது எது?",
    "options": [
      "பூ-பூ கொள்கை",
      "டிங்-டாங் கொள்கை",
      "யோ-ஹே-ஹோ கொள்கை",
      "பவ்-வவ் கொள்கை"
    ],
    "answer": 2,
    "explanation": "இது 'தொழில் ஒலிக் கொள்கை' — கூட்டாக உழைக்கும் போது எழும் தாள ஒலிகள் மூலம் உருவாகியிருக்கலாம்."
  },
  {
    "question": "18. 'சிவபெருமானின் உடுக்கையிலிருந்து வடமொழியும், தென்மொழியும் பிறந்தன' - இக்கூற்றை மொழியியல் நோக்கில் எவ்வாறு வகைப்படுத்தலாம்?",
    "options": [
      "ஒலியியல் தோற்றக் கொள்கை (Phonetic Origin Theory)",
      "தெய்வீகத் தோற்றக் கொள்கை (Divine Origin Theory)",
      "ஒப்பீட்டு இலக்கணக் கொள்கை (Comparative Grammar Theory)",
