{
  "questions": [
    {
      "questionNumber": 1,
      "question": "ஆற்றுப் படையுள் ஒன்று",
      "imageUrl": null,
      "answerOptions": [
        {
          "text": "குறிஞ்சிப்பாட்டு",
          "rationale": "குறிஞ்சிப்பாட்டு பத்துப்பாட்டு நூல்களில் ஒன்றாகும், ஆனால் இது ஒரு அகப்பொருள் நூலாகும்.",
          "isCorrect": false
        },
        {
          "text": "பட்டினப்பாலை",
          "rationale": "பட்டினப்பாலை ஒரு அகப்புற நூல், இது ஆற்றுப்படை வகையைச் சார்ந்தது அல்ல.",
          "isCorrect": false
        },
        {
          "text": "மலைபடுகடாம்",
          "rationale": "மலைபடுகடாம், கூத்தராற்றுப்படை என்றும் அழைக்கப்படுகிறது, இது ஆற்றுப்படை வகையைச் சேர்ந்தது.",
          "isCorrect": true
        },
        {
          "text": "மதுரைக் காஞ்சி",
          "rationale": "மதுரைக் காஞ்சி நிலையாமை தத்துவத்தைப் பற்றிப் பேசும் ஒரு புறப்பொருள் நூலாகும்.",
          "isCorrect": false
        }
      ],
      "hint": "பத்துப்பாட்டு நூல்களில் உள்ள ஆற்றுப்படை வகைகளைப் பற்றி சிந்திக்கவும்."
    },
    {
      "questionNumber": 2,
      "question": "அகப்பொருள் சார்ந்தது.",
      "imageUrl": null,
      "answerOptions": [
        {
          "text": "கார் நாற்பது",
          "rationale": "கார் நாற்பது முல்லைத் திணை சார்ந்தது, இது அகப்பொருள் நூலாகும்.",
          "isCorrect": true
        },
        {
          "text": "களவழி நாற்பது",
          "rationale": "களவழி நாற்பது ஒரு புறப்பொருள் நூல், இது போர் நிகழ்வுகளைப் பற்றிக் கூறுகிறது.",
          "isCorrect": false
        },
        {
          "text": "இன்னா நாற்பது",
          "rationale": "இன்னா நாற்பது ஒரு அறநூல், இது துன்பம் தரும் செயல்களைப் பட்டியலிடுகிறது.",
          "isCorrect": false
        },
        {
          "text": "இனியவை நாற்பது",
          "rationale": "இனியவை நாற்பது ஒரு அறநூல், இது இன்பம் தரும் செயல்களைப் பட்டியலிடுகிறது.",
          "isCorrect": false
        }
      ],
      "hint": "பதினெண் கீழ்க்கணக்கு நூல்களின் பொருள் வகைகளை (அகம், புறம், அறம்) நினைவுபடுத்தவும்."
    },
    {
      "questionNumber": 3,
      "question": "நிலையாமை குறித்து எழுந்தது",
      "imageUrl": null,
      "answerOptions": [
        {
          "text": "நெடுநல் வாடை",
          "rationale": "நெடுநல்வாடை அகப்பொருள் மற்றும் புறப்பொருள் கலந்த ஒரு நூலாகும்.",
          "isCorrect": false
        },
        {
          "text": "மதுரைக் காஞ்சி",
          "rationale": "மதுரைக் காஞ்சி, உலக வாழ்க்கையின் நிலையாமையை எடுத்துரைக்கும் ஒரு புறப்பொருள் நூலாகும்.",
          "isCorrect": true
        },
        {
          "text": "முல்லைப் பாட்டு",
          "rationale": "முல்லைப் பாட்டு ஒரு அகப்பொருள் நூலாகும், இது முல்லைத் திணை சார்ந்தது.",
          "isCorrect": false
        },
        {
          "text": "குறிஞ்சிப்பாட்டு",
          "rationale": "குறிஞ்சிப்பாட்டு ஒரு அகப்பொருள் நூலாகும், இது குறிஞ்சித் திணை சார்ந்தது.",
          "isCorrect": false
        }
      ],
      "hint": "பத்துப்பாட்டு நூல்களில் எது தத்துவார்த்தமான பொருளைக் கையாள்கிறது?"
    },
    {
      "questionNumber": 4,
      "question": "வலித்தல் விகாரத்தால் பெயர் பெற்றது.",
      "imageUrl": null,
      "answerOptions": [
        {
          "text": "பெரியபுராணம்",
          "rationale": "பெரியபுராணம் என்பது சிவனடியார்களான நாயன்மார்களின் வரலாற்றைக் கூறும் நூல்.",
          "isCorrect": false
        },
        {
          "text": "சீவகசிந்தாமணி",
          "rationale": "சீவகசிந்தாமணி ஒரு சமணக் காப்பியம், சீவகனின் வரலாற்றைக் கூறுகிறது.",
          "isCorrect": false
        },
        {
          "text": "மணிமேகலை",
          "rationale": "மணிமேகலை ஒரு பௌத்தக் காப்பியம், இது சிலப்பதிகாரத்தின் தொடர்ச்சியாகும்.",
          "isCorrect": false
        },
        {
          "text": "சிலப்பதிகாரம்",
          "rationale": "சிலம்பு + அதிகாரம் = சிலப்பதிகாரம். இங்கு 'ப்' எனும் மெய்யெழுத்து தோன்றுவது வலித்தல் விகாரமாகும்.",
          "isCorrect": true
        }
      ],
      "hint": "கேள்வியில் உள்ள நூலின் பெயரைப் பிரித்துப் புணர்ச்சி விதியைப் பொருத்திப் பார்க்கவும்."
    },
    {
      "questionNumber": 5,
      "question": "ஒரு குடி மன்னர் வரலாறு கூறுவது",
      "imageUrl": null,
      "answerOptions": [
        {
          "text": "புறநானூறு",
          "rationale": "புறநானூறு பல்வேறு மன்னர்கள் மற்றும் வள்ளல்களின் புற வாழ்க்கையைப் பற்றிய பாடல்களின் தொகுப்பாகும்.",
          "isCorrect": false
        },
        {
          "text": "களவழி நாற்பது",
          "rationale": "களவழி நாற்பது ஒரு குறிப்பிட்ட போரைப் பற்றி மட்டுமே பேசுகிறது.",
          "isCorrect": false
        },
        {
          "text": "பதிற்றுப்பத்து",
          "rationale": "பதிற்றுப்பத்து சேர மன்னர்களின் பத்து தலைமுறைகளைப் பற்றிப் பாடும் நூலாகும், இது ஒரு குறிப்பிட்ட குடியின் வரலாற்றைக் கூறுகிறது.",
          "isCorrect": true
        },
        {
          "text": "பரிபாடல்",
          "rationale": "பரிபாடல் தெய்வங்கள் மற்றும் வைகை ஆற்றைப் பற்றிப் பாடும் ஒரு இசைப்பாடல் நூலாகும்.",
          "isCorrect": false
        }
      ],
      "hint": "எட்டுத்தொகை நூல்களில் எந்த நூல் சேர மன்னர்களை மட்டும் சிறப்பித்துப் பாடுகிறது?"
    },
    {
      "questionNumber": 6,
      "question": "பூதம் என்பதைப் பெயராகப் பெற்றவர்.",
      "imageUrl": null,
      "answerOptions": [
        {
          "text": "ஓர் அரசர்",
          "rationale": "சங்க இலக்கியத்திலோ அல்லது பிற்கால வரலாத்திலோ 'பூதம்' என்ற பெயரில் குறிப்பிடத்தக்க அரசர் இல்லை.",
          "isCorrect": false
        },
        {
          "text": "ஓர் ஆழ்வார்",
          "rationale": "பன்னிரு ஆழ்வார்களில் ஒருவர் பூதத்தாழ்வார் ஆவார், இவர் முதல் மூன்று ஆழ்வார்களில் ஒருவர்.",
          "isCorrect": true
        },
        {
          "text": "ஒரு நாயன்மார்",
          "rationale": "அறுபத்து மூன்று நாயன்மார்களில் 'பூதம்' என்ற பெயரில் யாரும் இல்லை.",
          "isCorrect": false
        },
        {
          "text": "ஓர் அமைச்சர்",
          "rationale": "வரலாற்றில் 'பூதம்' என்ற பெயரில் குறிப்பிடத்தக்க அமைச்சர் யாரும் அறியப்படவில்லை.",
          "isCorrect": false
        }
      ],
      "hint": "பன்னிரு ஆழ்வார்களின் பெயர்களை நினைவுபடுத்திப் பாருங்கள்."
    },
    {
      "questionNumber": 7,
      "question": "மலைக்கள்ளனை உருவாக்கியவர்",
      "imageUrl": null,
      "answerOptions": [
        {
          "text": "பாரதிதாசன்",
          "rationale": "பாரதிதாசன் 'குடும்ப விளக்கு', 'பாண்டியன் பரிசு' போன்ற பல படைப்புகளை எழுதியுள்ளார்.",
          "isCorrect": false
        },
        {
          "text": "நாமக்கல்லார்",
          "rationale": "நாமக்கல் கவிஞர் வெ. இராமலிங்கம் பிள்ளை 'மலைக்கள்ளன்' என்ற புதினத்தை எழுதியுள்ளார்.",
          "isCorrect": true
        },
        {
          "text": "கவிமணி",
          "rationale": "கவிமணி தேசிக விநாயகம் பிள்ளை 'ஆசிய ஜோதி', 'மருமக்கள் வழி மான்மியம்' போன்ற நூல்களை எழுதியுள்ளார்.",
          "isCorrect": false
        },
        {
          "text": "கண்ணதாசன்",
          "rationale": "கண்ணதாசன் 'அர்த்தமுள்ள இந்து மதம்', 'சேரமான் காதலி' போன்ற படைப்புகளுக்காக அறியப்படுகிறார்.",
          "isCorrect": false
        }
      ],
      "hint": "காந்தியக் கவிஞர் என்று அழைக்கப்படுபவர் யார்?"
    },
    {
      "questionNumber": 8,
      "question": "'சுலோசனா சதி' என்னும் நாடகத்தை ஆக்கியோர்",
      "imageUrl": null,
      "answerOptions": [
        {
          "text": "சுந்தரம் பிள்ளை",
          "rationale": "பெ. சுந்தரம் பிள்ளை 'மனோன்மணியம்' என்ற நாடக நூலை எழுதியவர்.",
          "isCorrect": false
        },
        {
          "text": "பம்மல் சம்பந்த முதலியார்",
          "rationale": "பம்மல் சம்பந்த முதலியார் 'சுலோசனா சதி' உட்பட பல நாடகங்களை எழுதியுள்ளார். இவர் 'தமிழ் நாடகத் தந்தை' எனப் போற்றப்படுகிறார்.",
          "isCorrect": true
        },
        {
          "text": "பரிதிமாற் கலைஞர்",
          "rationale": "பரிதிமாற் கலைஞர் 'ரூபாவதி', 'கலாவதி' போன்ற நாடகங்களை எழுதியுள்ளார்.",
          "isCorrect": false
        },
        {
          "text": "சங்கரதாஸ் சுவாமிகள்",
          "rationale": "சங்கரதாஸ் சுவாமிகள் 'தமிழ் நாடகத் தலைமையாசிரியர்' எனப் போற்றப்படுகிறார், இவர் பல நாடகங்களை எழுதியுள்ளார்.",
          "isCorrect": false
        }
      ],
      "hint": "'தமிழ் நாடகத் தந்தை' என்று அழைக்கப்படுபவர் யார்?"
    },
    {
      "questionNumber": 9,
      "question": "'என் கதை' என்னும் சுயசரிதையை எழுதியவர்.",
      "imageUrl": null,
      "answerOptions": [
        {
          "text": "கவிமணி",
          "rationale": "கவிமணி தேசிக விநாயகம் பிள்ளையின் சுயசரிதை இதுவல்ல.",
          "isCorrect": false
        },
        {
          "text": "உ,வே.சா",
          "rationale": "உ.வே.சா. அவர்களின் சுயசரிதை 'என் சரித்திரம்' ஆகும்.",
          "isCorrect": false
        },
        {
          "text": "நாமக்கல் கவிஞர்",
          "rationale": "நாமக்கல் கவிஞர் வெ. இராமலிங்கம் பிள்ளையின் சுயசரிதையின் பெயர் 'என் கதை' ஆகும்.",
          "isCorrect": true
        },
        {
          "text": "பாரதியார்",
          "rationale": "பாரதியார் 'என் கதை' என்ற தலைப்பில் சுயசரிதை எழுதவில்லை.",
          "isCorrect": false
        }
      ],
      "hint": "காந்தியக் கவிஞரின் சுயசரிதையின் பெயர் இதுவாகும்."
    },
    {
      "questionNumber": 10,
      "question": "சுத்தானந்த பாரதியார் மொழிபெயர்த்த 'ஏழை படும் பாடு' என்னும் நாவலின் மூலமொழி",
      "imageUrl": null,
      "answerOptions": [
        {
          "text": "ஆங்கிலம்",
          "rationale": "இந்த நாவலின் மூலம் ஆங்கில மொழி அல்ல.",
          "isCorrect": false
        },
        {
          "text": "ஜெர்மனி",
          "rationale": "இந்த நாவலின் மூலம் ஜெர்மன் மொழி அல்ல.",
          "isCorrect": false
        },
        {
          "text": "பிரெஞ்சு",
          "rationale": "விக்டர் ஹியூகோ எழுதிய 'Les Misérables' என்ற பிரெஞ்சு நாவலின் தழுவலே 'ஏழை படும் பாடு' ஆகும்.",
          "isCorrect": true
        },
        {
          "text": "இத்தாலி",
          "rationale": "இந்த நாவலின் மூலம் இத்தாலிய மொழி அல்ல.",
          "isCorrect": false
        }
      ],
      "hint": "இந்த நாவலின் மூல ஆசிரியர் விக்டர் ஹியூகோ ஆவார். அவர் எந்த நாட்டைச் சேர்ந்தவர்?"
    },
    {
      "questionNumber": 11,
      "question": "பிசி என்பது.",
      "imageUrl": null,
      "answerOptions": [
        {
          "text": "பழமொழி",
          "rationale": "பழமொழி என்பது அனுபவக் கருத்தைக் கூறும் சுருக்கமான வாக்கியம்.",
          "isCorrect": false
        },
        {
          "text": "விடுகதை",
          "rationale": "தொல்காப்பியம் 'பிசி' என்பதை 'விடுகதை' என்ற பொருளிலேயே குறிப்பிடுகிறது.",
          "isCorrect": true
        },
        {
          "text": "புதிர்",
          "rationale": "புதிர் மற்றும் விடுகதை இரண்டும் நெருங்கிய தொடர்புடையவை, ஆனால் 'பிசி' என்பதன் நேரடிப் பொருள் இதுவல்ல.",
          "isCorrect": false
        },
        {
          "text": "கதை",
          "rationale": "கதை என்பது ஒரு நிகழ்வை விவரிக்கும் ஒரு நீண்ட வடிவம்.",
          "isCorrect": false
        }
      ],
      "hint": "தொல்காப்பியத்தில் இந்தச் சொல் எந்தப் பொருளில் ஆளப்பட்டுள்ளது?"
    },
    {
      "questionNumber": 12,
      "question": "பகுபத உறுப்புக்கள்",
      "imageUrl": null,
      "answerOptions": [
        {
          "text": "எட்டு",
          "rationale": "பகுபத உறுப்புக்களின் எண்ணிக்கை எட்டு அல்ல.",
          "isCorrect": false
        },
        {
          "text": "ஆறு",
          "rationale": "பகுபத உறுப்புகள் ஆறு வகைப்படும்: பகுதி, விகுதி, இடைநிலை, சந்தி, சாரியை, விகாரம்.",
          "isCorrect": true
        },
        {
          "text": "ஏழு",
          "rationale": "பகுபத உறுப்புக்களின் எண்ணிக்கை ஏழு அல்ல.",
          "isCorrect": false
        },
        {
          "text": "பதினொன்று",
          "rationale": "பகுபத உறுப்புக்களின் எண்ணிக்கை பதினொன்று அல்ல.",
          "isCorrect": false
        }
      ],
      "hint": "பகுதி, விகுதி, இடைநிலை..."
    },
    {
      "questionNumber": 13,
      "question": "ஐயனாரிதனார் எழுதியது",
      "imageUrl": null,
      "answerOptions": [
        {
          "text": "வீரசோழியம்",
          "rationale": "வீரசோழியம் புத்தமித்திரரால் எழுதப்பட்டது.",
          "isCorrect": false
        },
        {
          "text": "புறப்பொருள் வெண்பா மாலை",
          "rationale": "ஐயனாரிதனார் புறப்பொருள் இலக்கணம் கூறும் 'புறப்பொருள் வெண்பா மாலை' என்னும் நூலை இயற்றினார்.",
          "isCorrect": true
        },
        {
          "text": "வெண்பாப் பாட்டியல்",
          "rationale": "வெண்பாப் பாட்டியல் (வச்சணந்தி மாலை) குணவீர பண்டிதரால் எழுதப்பட்டது.",
          "isCorrect": false
        },
        {
          "text": "புறதிரட்டு",
          "rationale": "புறத்திரட்டு என்பது பல்வேறு நூல்களில் இருந்து திரட்டப்பட்ட பாடல்களின் தொகுப்பு நூல்.",
          "isCorrect": false
        }
      ],
      "hint": "புறப்பொருள் இலக்கணம் பற்றிக் கூறும் நூல்களில் இதுவும் ஒன்று."
    },
    {
      "questionNumber": 14,
      "question": "நேர்பு, நிரைபு அசைகளை அறிமுகம் செய்தவர்",
      "imageUrl": null,
      "answerOptions": [
        {
          "text": "அமுதசாகரர்",
          "rationale": "அமுதசாகரர் யாப்பருங்கலம், யாப்பருங்கலக்காரிகை ஆகிய நூல்களின் ஆசிரியர்.",
          "isCorrect": false
        },
        {
          "text": "பவணந்தி",
          "rationale": "பவணந்தி முனிவர் நன்னூல் என்ற இலக்கண நூலை எழுதியவர்.",
          "isCorrect": false
        },
        {
          "text": "தொல்காப்பியர்",
          "rationale": "தொல்காப்பியர் இயலசை, உரியசை பற்றிக் கூறினார், ஆனால் 'நேர்பு', 'நிரைபு' என்ற அசைகளை இவரே அறிமுகம் செய்தார்.",
          "isCorrect": true
        },
        {
          "text": "தண்டியாசிரியர்",
          "rationale": "தண்டியாசிரியர் அணி இலக்கணம் கூறும் தண்டியலங்காரம் நூலை எழுதியவர்.",
          "isCorrect": false
        }
      ],
      "hint": "இவர் எழுதிய இலக்கண நூலில் செய்யுளியல் பகுதியில் இதைக் காணலாம்."
    },
    {
      "questionNumber": 15,
      "question": "சுதேசமித்திரனைத் தொடங்கியவர்",
      "imageUrl": null,
      "answerOptions": [
        {
          "text": "ஜி.சுப்பிரமணிய அய்யர்",
          "rationale": "ஜி.சுப்பிரமணிய அய்யர் 'தி இந்து' ஆங்கில நாளிதழையும், 'சுதேசமித்திரன்' தமிழ் நாளிதழையும் தொடங்கியவர்.",
          "isCorrect": true
        },
        {
          "text": "திரு.வி.க.",
          "rationale": "திரு.வி.க. 'தேசபக்தன்', 'நவசக்தி' போன்ற இதழ்களின் ஆசிரியராகப் பணியாற்றியுள்ளார்.",
          "isCorrect": false
        },
        {
          "text": "பாரதியார்",
          "rationale": "பாரதியார் 'இந்தியா', 'விஜயா' போன்ற இதழ்களின் ஆசிரியராகவும், சுதேசமித்திரனில் துணை ஆசிரியராகவும் பணியாற்றியுள்ளார்.",
          "isCorrect": false
        },
        {
          "text": "வ. வே. சு. அய்யர்",
          "rationale": "வ. வே. சு. அய்யர் 'பாலபாரதி' என்ற இதழை நடத்தினார்.",
          "isCorrect": false
        }
      ],
      "hint": "இவர் 'தி இந்து' நாளிதழையும் தொடங்கியவர்களில் ஒருவர்."
    },
    {
      "questionNumber": 16,
      "question": "'இளைய பாரதம்' என்னும் நிகழ்வினை நடத்தும் ஊடகம்",
      "imageUrl": null,
      "answerOptions": [
        {
          "text": "தொலைக்காட்சி",
          "rationale": "'இளைய பாரதம்' என்பது தொலைக்காட்சி நிகழ்ச்சி அல்ல.",
          "isCorrect": false
        },
        {
          "text": "வானொலி",
          "rationale": "'இளைய பாரதம்' என்பது அகில இந்திய வானொலியில் ஒலிபரப்பப்பட்ட ஒரு பிரபலமான நிகழ்ச்சியாகும்.",
          "isCorrect": true
        },
        {
          "text": "திரைப்படம்",
          "rationale": "'இளைய பாரதம்' என்பது திரைப்படம் அல்ல.",
          "isCorrect": false
        },
        {
          "text": "செய்தித்தாள்",
          "rationale": "'இளைய பாரதம்' என்பது செய்தித்தாள் கட்டுரைத் தொடர் அல்ல.",
          "isCorrect": false
        }
      ],
      "hint": "இது ஒரு ஒலி வடிவ ஊடகம் சார்ந்தது."
    },
    {
      "questionNumber": 17,
      "question": "உறுதிக்கூற்று: (உ): ஊரும் திணையும் சேர்ந்துள்ள அகநூல் மதுரைக்காஞ்சி\nகாரணம்: (கா): நிலையாமையைப் பாடும் நூல்",
      "imageUrl": null,
      "answerOptions": [
        {
          "text": "(உ) சரி; (கா) சரியன்று",
          "rationale": "மதுரைக்காஞ்சி அகநூல் என்பது தவறு. காரணம் சரியானது, ஆனால் அது உறுதிக்கூற்றை விளக்கவில்லை.",
          "isCorrect": false
        },
        {
          "text": "(உ) சரியன்று: (கா) சரி",
          "rationale": "உறுதிக்கூற்று (உ) தவறானது, ஏனெனில் மதுரைக்காஞ்சி ஒரு புறநூல். காரணம் (கா) சரியானது, அது நிலையாமையைப் பாடுகிறது.",
          "isCorrect": true
        },
        {
          "text": "(உ), (கா) இரண்டும் சரி",
          "rationale": "உறுதிக்கூற்று (உ) தவறானது, மதுரைக்காஞ்சி ஒரு புறநூல்.",
          "isCorrect": false
        },
        {
          "text": "(உ), (கா) இரண்டும் சரியல்ல",
          "rationale": "காரணம் (கா) சரியானது, மதுரைக்காஞ்சி நிலையாமையைப் பாடும் நூல்.",
          "isCorrect": false
        }
      ],
      "hint": "மதுரைக்காஞ்சி அகநூலா அல்லது புறநூலா? அது எதைப் பற்றிப் பாடுகிறது?"
    },
    {
      "questionNumber": 18,
      "question": "உறுதிக்கூற்று: (உ): பரிபாடல் இசையால் பெயர்பெற்ற பாடல்\nகாரணம்: (கா): பரிந்துரைக்கும் பாட்டு",
      "imageUrl": null,
      "answerOptions": [
        {
          "text": "(உ) சரியன்று; (கா) சரி",
          "rationale": "உறுதிக்கூற்று (உ) சரியானது, பரிபாடல் இசையோடு பாடப்பட்ட நூல்.",
          "isCorrect": false
        },
        {
          "text": "(உ) சரி; (கா) சரியன்று",
          "rationale": "உறுதிக்கூற்று (உ) சரியானது (பரிந்து பாடுதல் - இசை). ஆனால் காரணம் (கா) 'பரிந்துரைக்கும் பாட்டு' என்பது தவறான விளக்கம்.",
          "isCorrect": true
        },
        {
          "text": "(உ), (கா) இரண்டும் சரி",
          "rationale": "காரணம் (கா) 'பரிந்துரைக்கும் பாட்டு' என்பது சரியான விளக்கம் அல்ல.",
          "isCorrect": false
        },
        {
          "text": "(உ), (கா) இரண்டும் சரியல்ல",
          "rationale": "உறுதிக்கூற்று (உ) சரியானது.",
          "isCorrect": false
        }
      ],
      "hint": "பரிபாடல் என்பதன் பெயர்க்காரணத்தை யோசிக்கவும். 'பரிந்து' பாடுதல் என்றால் என்ன?"
    },
    {
      "questionNumber": 19,
      "question": "உறுதிக்கூற்று: (உ): கூடலூர்க் கிழார் பாடியது முதுமொழிக் காஞ்சி\nகாரணம்: (கா): காஞ்சி மாநகரைப் பற்றிப் பாடிய முதுமொழிகளின் தொகுப்பு",
      "imageUrl": null,
      "answerOptions": [
        {
          "text": "(உ), (கா) இரண்டும் சரி",
          "rationale": "உறுதிக்கூற்று (உ) தவறானது. முதுமொழிக் காஞ்சியை இயற்றியவர் கூடலூர்க் கிழார் அல்ல.",
          "isCorrect": false
        },
        {
          "text": "(உ) சரி; (கா) சரியன்று",
          "rationale": "உறுதிக்கூற்று (உ) தவறானது.",
          "isCorrect": false
        },
        {
          "text": "(உ), (கா) இரண்டும் சரியல்ல",
          "rationale": "உறுதிக்கூற்று (உ) தவறானது (ஆசிரியர் கூடலூர்க் கிழார் அல்ல). காரணம் (கா) தவறானது (இது காஞ்சி மாநகரைப் பற்றியது அல்ல, இது ஒரு அறநூல்).",
          "isCorrect": true
        },
        {
          "text": "(உ) சரியன்று; (கா) சரி",
          "rationale": "காரணம் (கா) தவறானது, இது காஞ்சி மாநகரைப் பற்றிய நூல் அல்ல.",
          "isCorrect": false
        }
      ],
      "hint": "முதுமொழிக் காஞ்சியின் ஆசிரியர் யார்? அதன் உள்ளடக்கம் என்ன?"
    },
    {
      "questionNumber": 20,
      "question": "உறுதிக்கூற்று: (உ): யசோதர காவியம் பௌத்த நூல்\nகாரணம்: (கா): கொல்லாமை நீதி கூறுவது",
      "imageUrl": null,
      "answerOptions": [
        {
          "text": "(உ), (கா) இரண்டும் சரி",
          "rationale": "உறுதிக்கூற்று (உ) தவறானது, இது ஒரு சமண நூல்.",
          "isCorrect": false
        },
        {
          "text": "(உ) சரி; (கா) சரியன்று",
          "rationale": "உறுதிக்கூற்று (உ) தவறானது.",
          "isCorrect": false
        },
        {
          "text": "(உ), (கா) இரண்டும் சரியல்ல",
          "rationale": "காரணம் (கா) சரியானது. யசோதர காவியம் கொல்லாமையை வலியுறுத்துகிறது.",
          "isCorrect": false
        },
        {
          "text": "(உ) சரியன்று; (கா) சரி",
          "rationale": "உறுதிக்கூற்று (உ) தவறானது, யசோதர காவியம் ஒரு சமண நூல். காரணம் (கா) சரியானது, இது கொல்லாமையை வலியுறுத்துகிறது.",
          "isCorrect": true
        }
      ],
      "hint": "ஐஞ்சிறு காப்பியங்களில் ஒன்றான யசோதர காவியம் எந்த சமயத்தைச் சார்ந்தது?"
    },
    {
      "questionNumber": 21,
      "question": "உறுதிக்கூற்று: (உ): வாகீசர் தாண்டக வேந்தர் எனப் போற்றப்படுகிறார்\nகாரணம்: (கா): ஆனந்தத் தாண்டகம் பாடியவர் அவர்",
      "imageUrl": null,
      "answerOptions": [
        {
          "text": "(உ) சரி: (கா) சரியன்று",
          "rationale": "உறுதிக்கூற்று (உ) சரியானது (வாகீசர் = அப்பர்). அவர் தாண்டகம் என்ற பா வகையைப் பாடியதால் 'தாண்டக வேந்தர்' எனப்பட்டார். காரணம் (கா) தவறானது.",
          "isCorrect": true
        },
        {
          "text": "(உ) சரியன்று; (கா) சரி",
          "rationale": "உறுதிக்கூற்று (உ) சரியானது.",
          "isCorrect": false
        },
        {
          "text": "(உ), (கா) இரண்டும் சரியல்ல",
          "rationale": "உறுதிக்கூற்று (உ) சரியானது.",
          "isCorrect": false
        },
        {
          "text": "(உ), (கா) இரண்டும் சரி",
          "rationale": "காரணம் (கா) தவறானது. அவர் 'தாண்டகம்' என்ற பா வகையைப் பாடியதால் அப்பெயர் பெற்றார்.",
          "isCorrect": false
        }
      ],
      "hint": "வாகீசர் என்று அழைக்கப்படும் நாயன்மார் யார்? அவர் எந்த வகையான பதிகங்களுக்குப் புகழ்பெற்றவர்?"
    },
    {
      "questionNumber": 22,
      "question": "உறுதிக்கூற்று: (உ): முக்கூடற் பள்ளு நாட்டுப்புற இலக்கியச் சார்புடையது\nகாரணம்: (கா): அரசனையும் கடவுளையும் பாடுவது அது",
      "imageUrl": null,
      "answerOptions": [
        {
          "text": "(உ) சரி: (கா) சரியன்று",
          "rationale": "உறுதிக்கூற்று (உ) சரியானது, பள்ளு இலக்கியம் நாட்டுப்புற சார்புடையது. காரணம் (கா) தவறானது, இது எளிய மக்களைப் (பள்ளன், பள்ளி) பாடுவது.",
          "isCorrect": true
        },
        {
          "text": "(உ) சரியன்று; (கா) சரி",
          "rationale": "உறுதிக்கூற்று (உ) சரியானது.",
          "isCorrect": false
        },
        {
          "text": "(உ), (கா) இரண்டும் சரி",
          "rationale": "காரணம் (கா) தவறானது, இது எளிய மக்களைப் பாடும் இலக்கியம்.",
          "isCorrect": false
        },
        {
          "text": "(உ), (கா) இரண்டும் சரியல்ல",
          "rationale": "உறுதிக்கூற்று (உ) சரியானது.",
          "isCorrect": false
        }
      ],
      "hint": "பள்ளு இலக்கியத்தின் பாட்டுடைத் தலைவர்கள் யார்?"
    },
    {
      "questionNumber": 23,
      "question": "உறுதிக்கூற்று: (உ): தொல்காப்பியக் கருத்துப்படி எகர ஒகரங்கள் புள்ளி பெறும்\nகாரணம்: (கா): அவை மெய்யெழுத்து",
      "imageUrl": null,
      "answerOptions": [
        {
          "text": "(உ) சரி: (கா) சரியன்று",
          "rationale": "உறுதிக்கூற்று (உ) சரியானது (குறில் எ, ஒ புள்ளி பெறும்). காரணம் (கா) தவறானது, அவை மெய்யெழுத்துகள் அல்ல, உயிர்மெய் எழுத்துகளாகும்.",
          "isCorrect": true
        },
        {
          "text": "(உ) சரியன்று; (கா) சரி",
          "rationale": "உறுதிக்கூற்று (உ) சரியானது.",
          "isCorrect": false
        },
        {
          "text": "(உ), (கா) இரண்டும் சரி",
          "rationale": "காரணம் (கா) தவறானது, அவை உயிர்மெய் எழுத்துகள்.",
          "isCorrect": false
        },
        {
          "text": "(உ), (கா) இரண்டும் சரियல்ல",
          "rationale": "உறுதிக்கூற்று (உ) சரியானது.",
          "isCorrect": false
        }
      ],
      "hint": "தொல்காப்பியர் காலத்தில் குறில் மற்றும் நெடில் எகர, ஒகரங்களை வேறுபடுத்த என்ன பயன்படுத்தப்பட்டது?"
    },
    {
      "questionNumber": 24,
      "question": "உறுதிக்கூற்று (உ): மழையும் புயலும் வ.ரா.வின் கட்டுரைத் தொகுப்பு\nகாரணம்: (கா): மன்னர்களையும் மறையோர்களையும் பற்றி எழுதியது",
      "imageUrl": null,
      "answerOptions": [
        {
          "text": "(உ) சரி: (கா) சரியன்று",
          "rationale": "உறுதிக்கூற்று (உ) சரியானது, 'மழையும் புயலும்' வ.ரா. எழுதிய கட்டுரைத் தொகுப்பு. காரணம் (கா) தவறானது, இது சமூக சீர்திருத்தக் கட்டுரைகளைக் கொண்டது.",
          "isCorrect": true
        },
        {
          "text": "(உ) சரியன்று; (கா) சரி",
          "rationale": "உறுதிக்கூற்று (உ) சரியானது.",
          "isCorrect": false
        },
        {
          "text": "(உ), (கா) இரண்டும் சரி",
          "rationale": "காரணம் (கா) தவறானது.",
          "isCorrect": false
        },
        {
          "text": "(உ), (கா) இரண்டும் சரியல்ல",
          "rationale": "உறுதிக்கூற்று (உ) சரியானது.",
          "isCorrect": false
        }
      ],
      "hint": "வ.ரா. (வ. ராமசாமி ஐயங்கார்) எந்த வகையான எழுத்தாளர் என்று சிந்திக்கவும்."
    },
    {
      "questionNumber": 25,
      "question": "உறுதிக்கூற்று: (உ): மீராவின் ஊசிகள், சமுதாய எள்ளல் பொருண்மையது\nகாரணம்: (கா): அது சமுதாய நோய்களைக் குத்திக் காட்டுகிறது",
      "imageUrl": null,
      "answerOptions": [
        {
          "text": "(உ) சரி; (கா) சரியன்று",
          "rationale": "காரணம் (கா) சரியானது, அது உறுதிக்கூற்றை (உ) சரியாக விளக்குகிறது.",
          "isCorrect": false
        },
        {
          "text": "(உ), (கா) இரண்டும் சரி",
          "rationale": "உறுதிக்கூற்று (உ) சரியானது. 'ஊசிகள்' என்ற தலைப்பே எள்ளல் மற்றும் குத்திக் காட்டுவதைக் குறிக்கிறது. காரணம் (கா) இதைச் சரியாக விளக்குகிறது.",
          "isCorrect": true
        },
        {
          "text": "(உ), (கா) இரண்டும் சரியல்ல",
          "rationale": "இரண்டு கூற்றுக்களுமே சரியானவை.",
          "isCorrect": false
        },
        {
          "text": "(உ) சரியன்று; (கா) சரி",
          "rationale": "உறுதிக்கூற்று (உ) சரியானது.",
          "isCorrect": false
        }
      ],
      "hint": "'ஊசிகள்' என்ற தலைப்பு எதைக் குறிக்கிறது என்று சிந்திக்கவும்."
    },
    {
      "questionNumber": 26,
      "question": "உறுதிக்கூற்று: (உ): பயண இலக்கிய முன்னோடி ஏ.கே. செட்டியார்\nகாரணம்: (கா): அயல் நாட்டுப் பயணம் மேற்கொண்டோரின் அனுபவங்களைத் தொகுத்து முதலில் வெளியிட்டவர் அவரே.",
      "imageUrl": null,
      "answerOptions": [
        {
          "text": "(உ) சரியன்று: (கா) சரி",
          "rationale": "உறுதிக்கூற்று (உ) சரியானது.",
          "isCorrect": false
        },
        {
          "text": "(உ) சரி: (கா) சரியன்று",
          "rationale": "உறுதிக்கூற்று (உ) சரியானது (ஏ.கே. செட்டியார் 'உலகம் சுற்றும் தமிழன்' எனப்பட்டார்). காரணம் (கா) தவறானது, அவர் *தனது* அனுபவங்களை எழுதினார், தொகுக்கவில்லை.",
          "isCorrect": true
        },
        {
          "text": "(உ), (கா) இரண்டும் சரி",
          "rationale": "காரணம் (கா) தவறானது. அவர் *தனது* பயண அனுபவங்களை எழுதியவர், மற்றவர்களுடையதை தொகுத்தவர் அல்ல.",
          "isCorrect": false
        },
        {
          "text": "(உ), (கா) இரண்டும் சரியல்ல",
          "rationale": "உறுதிக்கூற்று (உ) சரியானது.",
          "isCorrect": false
        }
      ],
      "hint": "ஏ.கே. செட்டியார் 'உலகம் சுற்றும் தமிழன்' என்று ஏன் அழைக்கப்பட்டார்?"
    },
    {
      "questionNumber": 27,
      "question": "நிரல் படுத்துக: ஏறுமுகத்தில் அடியளவுடைய சங்கத்தொகை நூல்கள்.",
      "imageUrl": null,
      "answerOptions": [
        {
          "text": "ஐங்குறுநூறு, குறுந்தொகை, நற்றிணை, அகநானூறு",
          "rationale": "ஐங்குறுநூறு (3-6), குறுந்தொகை (4-8), நற்றிணை (9-12), அகநானூறு (13-31). இது சரியான ஏறுமுக வரிசை.",
          "isCorrect": true
        },
        {
          "text": "குறுந்தொகை, நற்றிணை, ஐங்குறுநூறு, அகநானூறு",
          "rationale": "குறுந்தொகை (4-8), நற்றிணை (9-12), ஐங்குறுநூறு (3-6). இது ஏறுமுக வரிசை அல்ல.",
          "isCorrect": false
        },
        {
          "text": "நற்றிணை, குறுந்தொகை, ஐங்குறுநூறு, அகநானூறு",
          "rationale": "நற்றிணை (9-12), குறுந்தொகை (4-8). இது ஏறுமுக வரிசை அல்ல.",
          "isCorrect": false
        },
        {
          "text": "அகநானூறு, குறுந்தொகை, நற்றிணை, ஐங்குறுநூறு",
          "rationale": "அகநானூறு (13-31) முதலில் வருவதால் இது ஏறுமுக வரிசை அல்ல.",
          "isCorrect": false
        }
      ],
      "hint": "அகநானூறு, நற்றிணை, குறுந்தொகை, ஐங்குறுநூறு ஆகியவற்றின் அடி வரையறைகளை ஒப்பிடவும்."
    },
    {
      "questionNumber": 28,
      "question": "நிரல் படுத்துக: பரிபாட்டின் உறுப்புகள்",
      "imageUrl": null,
      "answerOptions": [
        {
          "text": "தரவு, எருத்தம், கொச்சகம், அராகம்",
          "rationale": "பரிபாடல் உறுப்புகளின் வரிசை முறையைச் சரிபார்க்கவும்.",
          "isCorrect": false
        },
        {
          "text": "தரவு, கொச்சகம், எருத்தம், அராகம்",
          "rationale": "பரிபாடல் உறுப்புகளின் வரிசை முறையைச் சரிபார்க்கவும்.",
          "isCorrect": false
        },
        {
          "text": "தரவு, எருத்தம், அராகம், கொச்சகம்",
          "rationale": "பரிபாடல் உறுப்புகளின் சரியான வரிசை: தரவு, பின் எருத்தம், அராகம், கொச்சகம்.",
          "isCorrect": true
        },
        {
          "text": "தரவு, அராகம், கொச்சகம், எருத்தம்",
          "rationale": "பரிபாடல் உறுப்புகளின் வரிசை முறையைச் சரிபார்க்கவும்.",
          "isCorrect": false
        }
      ],
      "hint": "பரிபாடலின் உறுப்புகள் ஒரு குறிப்பிட்ட வரிசையைக் கொண்டுள்ளன. தரவு முதலில் வரும்."
    },
    {
      "questionNumber": 29,
      "question": "நிரல் படுத்துக: திருக்குறள் அறத்துப்பாலின் இயல்கள்",
      "imageUrl": null,
      "answerOptions": [
        {
          "text": "பாயிரம், இல்லறவியல், ஊழியல், துறவறவியல்",
          "rationale": "இயல்களின் வரிசையைச் சரிபார்க்கவும். ஊழியல் கடைசியில் வரும்.",
          "isCorrect": false
        },
        {
          "text": "பாயிரம், இல்லறவியல், துறவறவியல், ஊழியல்",
          "rationale": "அறத்துப்பாலின் நான்கு இயல்களும் இந்த வரிசையிலேயே அமைந்துள்ளன.",
          "isCorrect": true
        },
        {
          "text": "பாயிரம், ஊழியல், இல்லறவியல், துறவறவியல்",
          "rationale": "ஊழியல் இரண்டாவது இயல் அல்ல.",
          "isCorrect": false
        },
        {
          "text": "பாயிரம்,ஊழியல், துறவறவியல், இல்லறவியல்",
          "rationale": "இல்லறவியல், துறவறவியலுக்குப் பின்னரே ஊழியல் வரும்.",
          "isCorrect": false
        }
      ],
      "hint": "பாயிரத்திற்குப் பிறகு இல்லறம், பின்னர் துறவறம், இறுதியில் ஊழ் பற்றி வள்ளுவர் கூறுகிறார்."
    },
    {
      "questionNumber": 30,
      "question": "நிரல் படுத்துக: திருமுறை நிரலில் சமயக்குரவர்",
      "imageUrl": null,
      "answerOptions": [
        {
          "text": "சம்பந்தர், சுந்தரர், மாணிக்கவாசகர், அப்பர்",
          "rationale": "திருமுறை வரிசை மற்றும் கால வரிசையைச் சரிபார்க்கவும்.",
          "isCorrect": false
        },
        {
          "text": "சம்பந்தர், சுந்தரர், அப்பர், மாணிக்கவாசகர்",
          "rationale": "திருமுறை வரிசை மற்றும் கால வரிசையைச் சரிபார்க்கவும்.",
          "isCorrect": false
        },
        {
          "text": "சம்பந்தர், அப்பர், மாணிக்கவாசகர், சுந்தரர்",
          "rationale": "திருமுறை வரிசை மற்றும் கால வரிசையைச் சரிபார்க்கவும்.",
          "isCorrect": false
        },
        {
          "text": "சம்பந்தர், அப்பர், சுந்தரர், மாணிக்கவாசகர்",
          "rationale": "சமயக்குரவர் நால்வரின் கால வரிசை மற்றும் திருமுறை வரிசை (1-3, 4-6, 7, 8) இந்த வரிசையைக் காட்டுகிறது.",
          "isCorrect": true
        }
      ],
      "hint": "திருமுறைகளின் தொகுப்பு வரிசையை (1-12) மனதில் கொண்டு சமயக்குரவர்களை வரிசைப்படுத்தவும்."
    },
    {
      "questionNumber": 31,
      "question": "நிரல் படுத்துக: நால் வகை மார்க்கம்",
      "imageUrl": null,
      "answerOptions": [
        {
          "text": "கிரியை, சரியை, யோகம், ஞானம்",
          "rationale": "மார்க்கங்களின் படிநிலை வரிசையைச் சரிபார்க்கவும்.",
          "isCorrect": false
        },
        {
          "text": "கிரியை, சரியை, ஞானம், யோகம்",
          "rationale": "மார்க்கங்களின் படிநிலை வரிசையைச் சரிபார்க்கவும்.",
          "isCorrect": false
        },
        {
          "text": "சரியை, கிரியை, யோகம், ஞானம்",
          "rationale": "சைவ சித்தாந்தத்தின் நால்வகை மார்க்கங்கள் இந்த ஏறுமுக வரிசையிலேயே அமைந்துள்ளன.",
          "isCorrect": true
        },
        {
          "text": "சரியை, யோகம், கிரியை, ஞானம்",
          "rationale": "மார்க்கங்களின் படிநிலை வரிசையைச் சரிபார்க்கவும்.",
          "isCorrect": false
        }
      ],
      "hint": "சைவ சித்தாந்தத்தில் இறைவனை அடையும் நான்கு படிகளை (மார்க்) வரிசைப்படுத்தவும்."
    },
    {
      "questionNumber": 32,
      "question": "நிரல் படுத்துக: திருக்குறள் பழைய உரையாசிரியர்கள்",
      "imageUrl": null,
      "answerOptions": [
        {
          "text": "தருமர், மணக்குடவர், நச்சர், தாமத்தர்",
          "rationale": "பழைய உரையாசிரியர்களின் கால வரிசையைச் சரிபார்க்கவும்.",
          "isCorrect": false
        },
        {
          "text": "தருமர், நச்சர், மணக்குடவர், தாமத்தர்",
          "rationale": "பழைய உரையாசிரியர்களின் கால வரிசையைச் சரிபார்க்கவும்.",
          "isCorrect": false
        },
        {
          "text": "தருமர், தாமத்தர், மணக்குடவர், நச்சர்",
          "rationale": "பழைய உரையாசிரியர்களின் கால வரிசையைச் சரிபார்க்கவும்.",
          "isCorrect": false
        },
        {
          "text": "தருமர், மணக்குடவர், தாமத்தர், நச்சர்",
          "rationale": "திருக்குறளுக்கு உரை எழுதிய பழைய உரையாசிரியர்களான 'பதின்மர்' குறித்த பாடலில் வரும் வரிசை இதுவாகும்.",
          "isCorrect": true
        }
      ],
      "hint": "'தருமர் மணக்குடவர் தாமத்தர் நச்சர்...' எனத் தொடங்கும் பழம்பாடலை நினைவுபடுத்தவும்."
    },
    {
      "questionNumber": 33,
      "question": "நிரல் படுத்துக: ஆண்பாற் பிள்ளைத்தமிழ்ப் பருவங்கள்",
      "imageUrl": null,
      "answerOptions": [
        {
          "text": "காப்பு, செங்கீரை, தால், சப்பாணி",
          "rationale": "பிள்ளைத்தமிழ்ப் பருவங்களின் சரியான வரிசை: காப்பு, செங்கீரை, தால், சப்பாணி, முத்தம், வருகை, அம்புலி.",
          "isCorrect": true
        },
        {
          "text": "காப்பு, செங்கீரை, சப்பாணி, தால்",
          "rationale": "தால் பருவம் சப்பாணி பருவத்திற்கு முன்பே வரும்.",
          "isCorrect": false
        },
        {
          "text": "காப்பு, தால், சப்பாணி, செங்கீரை",
          "rationale": "செங்கீரை பருவம் தால் பருவத்திற்கு முன்பே வரும்.",
          "isCorrect": false
        },
        {
          "text": "காப்பு, சப்பாணி, தால், செங்கீரை",
          "rationale": "பருவங்களின் வரிசை முற்றிலுமாக மாறியுள்ளது.",
          "isCorrect": false
        }
      ],
      "hint": "பிள்ளைத்தமிழின் முதல் நான்கு பருவங்களை அவற்றின் வளர்ச்சி நிலைக்கு ஏற்ப வரிசைப்படுத்தவும்."
    },
    {
      "questionNumber": 34,
      "question": "நிரல் படுத்துக: பருவ மகளிர்",
      "imageUrl": null,
      "answerOptions": [
        {
          "text": "மங்கை, மடந்தை, தெரிவை, அரிவை",
          "rationale": "மகளிர் பருவங்களின் கால வரிசையைச் சரிபார்க்கவும்.",
          "isCorrect": false
        },
        {
          "text": "மங்கை, மடந்தை, அரிவை, தெரிவை",
          "rationale": "சரியான வரிசை: பேதை, பெதும்பை, மங்கை, மடந்தை, அரிவை, தெரிவை, பேரிளம்பெண்.",
          "isCorrect": true
        },
        {
          "text": "மங்கை, அரிவை, மடந்தை, தெரிவை",
          "rationale": "மகளிர் பருவங்களின் கால வரிசையைச் சரிபார்க்கவும்.",
          "isCorrect": false
        },
        {
          "text": "மங்கை, அரிவை, தெரிவை, மடந்தை",
          "rationale": "மகளிர் பருவங்களின் கால வரிசையைச் சரிபார்க்கவும்.",
          "isCorrect": false
        }
      ],
      "hint": "மகளிரின் ஏழு பருவங்களை (பேதை, பெதும்பை...) கால வரிசைப்படி நினைவுபடுத்தவும்."
    },
    {
      "questionNumber": 35,
      "question": "நிரல் படுத்துக: யாப்பியல் உறுப்புகள்",
      "imageUrl": null,
      "answerOptions": [
        {
          "text": "எழுத்து, அசை, தளை, சீர்",
          "rationale": "சீர் முதலில் வரும், பின்னரே தளை வரும்.",
          "isCorrect": false
        },
        {
          "text": "எழுத்து, தளை, அசை, சீர்",
          "rationale": "அசை, சீர், பின்னரே தளை வரும்.",
          "isCorrect": false
        },
        {
          "text": "எழுத்து, சீர், தளை, அசை",
          "rationale": "அசை முதலில் வரும், பின்னரே சீர் வரும்.",
          "isCorrect": false
        },
        {
          "text": "எழுத்து, அசை, சீர், தளை",
          "rationale": "யாப்பின் உறுப்புகள் இந்த அடிப்படை வரிசையிலேயே அமையும் (எழுத்து, அசை, சீர், தளை, அடி, தொடை).",
          "isCorrect": true
        }
      ],
      "hint": "யாப்பு இலக்கணத்தின் அடிப்படை உறுப்புகளை சிறியதிலிருந்து பெரியதாக வரிசைப்படுத்தவும்."
    },
    {
      "questionNumber": 36,
      "question": "பொருத்துக:\n(a) நீரின்றமையா உலகம் போல\n(b) கையில் ஊமன் கண்ணில் காக்கும் வெண்ணெய் உணங்கல் போல\n(c) ஆடல் அறியா அரிவை போலவும்\n(d) ஆற்றுவழிப்படூஉம் புணைபோல\n\n(i) பரிபாடல்\n(ii) குறுந்தொகை\n(iii) புறநானூறு\n(iv) நற்றிணை",
      "imageUrl": null,
      "answerOptions": [
        {
          "text": "(a)-(iv), (b)-(ii), (c)-(iii), (d)-(i)",
          "rationale": "உவமைகளை அவை இடம்பெற்ற நூல்களுடன் சரியாகப் பொருத்தவும்.",
          "isCorrect": false
        },
        {
          "text": "(a)-(iv), (b)-(ii), (c)-(i), (d)-(iii)",
          "rationale": "(a) நற்றிணை, (b) குறுந்தொகை, (c) பரிபாடல், (d) புறநானூறு. இதுவே சரியான பொருத்தம்.",
          "isCorrect": true
        },
        {
          "text": "(a)-(iv), (b)-(i), (c)-(ii), (d)-(iii)",
          "rationale": "உவமைகளை அவை இடம்பெற்ற நூல்களுடன் சரியாகப் பொருத்தவும்.",
          "isCorrect": false
        },
        {
          "text": "(a)-(iv), (b)-(i), (c)-(iii), (d)-(ii)",
          "rationale": "உவமைகளை அவை இடம்பெற்ற நூல்களுடன் சரியாகப் பொருத்தவும்.",
          "isCorrect": false
        }
      ],
      "hint": "இந்த பிரபலமான உவமைகள் எந்த சங்க இலக்கிய நூல்களில் இடம்பெற்றுள்ளன?"
    },
    {
      "questionNumber": 37,
      "question": "பொருத்துக:\n(a) ஒன்று அலந்தவர்க்கு உதவுதல்\n(b) புணர்ந்தாரைப் பிரியாமை\n(c) மறை பிறர் அறியாமை\n(d) போற்றாரைப் பொறுத்தல்\n\n(i) போற்றுதல்\n(ii) பொறை\n(iii) ஆற்றுதல்\n(iv) செறிவு",
      "imageUrl": null,
      "answerOptions": [
        {
          "text": "(a)-(iii), (b)-(iv), (c)-(ii), (d)-(i)",
          "rationale": "ஒவ்வொரு செயலுக்கும் உரிய அறப் பண்பின் பெயரைச் சரியாகப் பொருத்தவும்.",
          "isCorrect": false
        },
        {
          "text": "(a)-(iii), (b)-(i), (c)-(ii), (d)-(iv)",
          "rationale": "ஒவ்வொரு செயலுக்கும் உரிய அறப் பண்பின் பெயரைச் சரியாகப் பொருத்தவும்.",
          "isCorrect": false
        },
        {
          "text": "(a)-(iii), (b)-(i), (c)-(iv), (d)-(ii)",
          "rationale": "(a) ஆற்றுதல் (வறியவர்க்கு உதவுதல்), (b) போற்றுதல் (பிரியாமை), (c) செறிவு (மறை காத்தல்), (d) பொறை (பொறுத்தல்).",
          "isCorrect": true
        },
        {
          "text": "(a)-(iii), (b)-(iv), (c)-(i), (d)-(ii)",
          "rationale": "ஒவ்வொரு செயலுக்கும் உரிய அறப் பண்பின் பெயரைச் சரியாகப் பொருத்தவும்.",
          "isCorrect": false
        }
      ],
      "hint": "இவை கலித்தொகையில் வரும் அறப் பண்புகள் குறித்த வரிகள்."
    },
    {
      "questionNumber": 38,
      "question": "பொருத்துக:\n(a) கண்ணகி\n(b) மாதவி\n(c) சீதை\n(d) மணிமேகலை\n\n(i) திட்டியின் விடமன்ன கற்பின் செல்வி\n(ii) மாபெரும் பத்தினி மகள்\n(iii) உரைசால் பத்தினி\n(iv) கானற்பாணி இசைத்தவள்",
      "imageUrl": null,
      "answerOptions": [
        {
          "text": "(a)-(iii), (b)-(iv), (c)-(i), (d)-(ii)",
          "rationale": "(a) கண்ணகி - உரைசால் பத்தினி, (b) மாதவி - கானற்பாணி இசைத்தவள், (c) சீதை - திட்டியின் விடமன்ன கற்பின் செல்வி (கம்பராமாயணம்), (d) மணிமேகலை - மாபெரும் பத்தினி மகள்.",
          "isCorrect": true
        },
        {
          "text": "(a)-(iii), (b)-(iv), (c)-(ii), (d)-(i)",
          "rationale": "சீதை மற்றும் மணிமேகலைக்கான பொருத்தங்கள் தவறாக உள்ளன.",
          "isCorrect": false
        },
        {
          "text": "(a)-(iii), (b)-(ii), (c)-(iv), (d)-(i)",
          "rationale": "மாதவி, சீதை, மணிமேகலைக்கான பொருத்தங்கள் தவறாக உள்ளன.",
          "isCorrect": false
        },
        {
          "text": "(a)-(iii), (b)-(i), (c)-(ii), (d)-(iv)",
          "rationale": "மாதவி, சீதை, மணிமேகலைக்கான பொருத்தங்கள் தவறாக உள்ளன.",
          "isCorrect": false
        }
      ],
      "hint": "ஒவ்வொரு பெண் கதாபாத்திரத்தையும் அவர்களோடு தொடர்புடைய சிறப்புத் தொடருடன் பொருத்தவும்."
    },
    {
      "questionNumber": 39,
      "question": "பொருத்துக:\n(a) கவுணியர்\n(b) மருணீக்கியார்\n(c) நம்பி ஆரூரர்\n(d) வாதவூரர்\n\n(i) அப்பர்\n(ii) சுந்தரர்\n(iii) மாணிக்கவாசகர்\n(iv) சம்பந்தர்",
      "imageUrl": null,
      "answerOptions": [
        {
          "text": "(a)-(iv), (b)-(i), (c)-(iii), (d)-(ii)",
          "rationale": "நம்பி ஆரூரர் மற்றும் வாதவூரருக்கான பொருத்தங்கள் தவறானவை.",
          "isCorrect": false
        },
        {
          "text": "(a)-(iv), (b)-(i), (c)-(ii), (d)-(iii)",
          "rationale": "(a) கவுணியர் - சம்பந்தர், (b) மருணீக்கியார் - அப்பர், (c) நம்பி ஆரूरர் - சுந்தரர், (d) வாதவூரர் - மாணிக்கவாசகர்.",
          "isCorrect": true
        },
        {
          "text": "(a)-(iv), (b)-(ii), (c)-(iii), (d)-(i)",
          "rationale": "அப்பர், சுந்தரர், மாணிக்கவாசகருக்கான பொருத்தங்கள் தவறானவை.",
          "isCorrect": false
        },
        {
          "text": "(a)-(iv), (b)-(iii), (c)-(ii), (d)-(i)",
          "rationale": "அப்பர் மற்றும் மாணிக்கவாசகருக்கான பொருத்தங்கள் தவறானவை.",
          "isCorrect": false
        }
      ],
      "hint": "சமயக்குரவர் நால்வரின் வேறு பெயர்களை (இயற்பெயர், குடிப்பெயர், ஊர்ப்பெயர்) அவர்களுடன் பொருத்தவும்."
    },
    {
      "questionNumber": 40,
      "question": "பொருத்துக:\n(a) திருமூலர்\n(b) காரைக்காலம்மையார்\n(c) மாணிக்கவாசகர்\n(d) சுந்தரர்\n\n(i) எட்டாம் திருமுறை\n(ii) பத்தாம் திருமுறை\n(iii) ஏழாம் திருமுறை\n(iv) பதினோராம் திருமுறை",
      "imageUrl": null,
      "answerOptions": [
        {
          "text": "(a)-(ii), (b)-(iii), (c)-(i), (d)-(iv)",
          "rationale": "சுந்தரர் மற்றும் காரைக்காலம்மையாருக்கான திருமுறைப் பொருத்தங்கள் தவறானவை.",
          "isCorrect": false
        },
        {
          "text": "(a)-(ii), (b)-(iii), (c)-(iv), (d)-(i)",
          "rationale": "இவர்களுக்கான திருமுறைப் பொருத்தங்கள் தவறானவை.",
          "isCorrect": false
        },
        {
          "text": "(a)-(ii), (b)-(iv), (c)-(iii), (d)-(i)",
          "rationale": "இவர்களுக்கான திருமுறைப் பொருத்தங்கள் தவறானவை.",
          "isCorrect": false
        },
        {
          "text": "(a)-(ii), (b)-(iv), (c)-(i), (d)-(iii)",
          "rationale": "(a) திருமூலர் - பத்தாம் திருமுறை (திருமந்திரம்), (b) காரைக்காலம்மையார் - பதினோராம் திருமுறை, (c) மாணிக்கவாசகர் - எட்டாம் திருமுறை (திருவாசகம்), (d) சுந்தரர் - ஏழாம் திருமுறை.",
          "isCorrect": true
        }
      ],
      "hint": "பன்னிரு திருமுறைகளை அருளியவர்களை அந்தந்த திருமுறை எண்ணுடன் பொருத்தவும்."
    },
    {
      "questionNumber": 41,
      "question": "பொருத்துக:\n(a) பெருமாள் திருமொழி\n(b) திருவாய் மொழி\n(c) திருமாலை\n(d) பெரியதிருமொழி\n\n(i) தொண்டரடிப்பொடி\n(ii) திருமங்கை\n(iii) குலசேகரர்\n(iv) சடகோபர்",
      "imageUrl": null,
      "answerOptions": [
        {
          "text": "(a)-(iii), (b)-(i), (c)-(ii), (d)-(iv)",
          "rationale": "இவர்களுக்கான பிரபந்தப் பொருத்தங்கள் தவறானவை.",
          "isCorrect": false
        },
        {
          "text": "(a)-(iii), (b)-(i), (c)-(iv), (d)-(ii)",
          "rationale": "இவர்களுக்கான பிரபந்தப் பொருத்தங்கள் தவறானவை.",
          "isCorrect": false
        },
        {
          "text": "(a)-(iii), (b)-(iv), (c)-(i), (d)-(ii)",
          "rationale": "(a) பெருமாள் திருமொழி - குலசேகரர், (b) திருவாய் மொழி - சடகோபர் (நம்மாழ்வார்), (c) திருமாலை - தொண்டரடிப்பொடி ஆழ்வார், (d) பெரியதிருமொழி - திருமங்கை ஆழ்வார்.",
          "isCorrect": true
        },
        {
          "text": "(a)-(iii), (b)-(iv), (c)-(ii), (d)-(i)",
          "rationale": "இவர்களுக்கான பிரபந்தப் பொருத்தங்கள் தவறானவை.",
          "isCorrect": false
        }
      ],
      "hint": "நாலாயிர திவ்யப் பிரபந்தப் பாசுரங்களை அருளிய ஆழ்வார்களுடன் பொருத்தவும்."
    },
    {
      "questionNumber": 42,
      "question": "பொருத்துக:\n(a) பருவம்\n(b) இலம்பகம்\n(c) காதை\n(d) படலம்\n\n(i) சிந்தாமணி\n(ii) சிலம்பு\n(iii) இராமாயணம்\n(iv) பாரதம்",
      "imageUrl": null,
      "answerOptions": [
        {
          "text": "(a)-(iv), (b)-(i), (c)-(ii), (d)-(iii)",
          "rationale": "(a) பருவம் - பாரதம் (வில்லிபாரதம்), (b) இலம்பகம் - சிந்தாமணி, (c) காதை - சிலம்பு (சிலப்பதிகாரம்), (d) படலம் - இராமாயணம் (கம்பராமாயணம்).",
          "isCorrect": true
        },
        {
          "text": "(a)-(iv), (b)-(i), (c)-(iii), (d)-(ii)",
          "rationale": "காதை மற்றும் படலம் ஆகியவற்றின் பொருத்தங்கள் தவறானவை.",
          "isCorrect": false
        },
        {
          "text": "(a)-(iv), (b)-(iii), (c)-(ii), (d)-(i)",
          "rationale": "இலம்பகம் மற்றும் படலம் ஆகியவற்றின் பொருத்தங்கள் தவறானவை.",
          "isCorrect": false
        },
        {
          "text": "(a)-(iv), (b)-(iii), (c)-(i), (d)-(ii)",
          "rationale": "இலம்பகம், காதை, படலம் ஆகியவற்றின் பொருத்தங்கள் தவறானவை.",
          "isCorrect": false
        }
      ],
      "hint": "காப்பியங்களின் உட்பிரிவுகளின் பெயர்களை அந்தந்த நூல்களுடன் பொருத்தவும்."
    },
    {
      "questionNumber": 43,
      "question": "பொருத்துக:\n(a) வாரானை\n(b) பேரிளம்பெண்\n(c) கடைதிறப்பு\n(d) பணம்\n\n(i) தூது\n(ii) பிள்ளைப்பாட்டு\n(iii) உலா\n(iv) பரணி",
      "imageUrl": null,
      "answerOptions": [
        {
          "text": "(a)-(ii), (b)-(iv), (c)-(i), (d)-(iii)",
          "rationale": "இவர்களுக்கான இலக்கிய வகை பொருத்தங்கள் தவறானவை.",
          "isCorrect": false
        },
        {
          "text": "(a)-(ii), (b)-(i), (c)-(iv), (d)-(iii)",
          "rationale": "இவர்களுக்கான இலக்கிய வகை பொருத்தங்கள் தவறானவை.",
          "isCorrect": false
        },
        {
          "text": "(a)-(ii), (b)-(iii), (c)-(i), (d)-(iv)",
          "rationale": "(a) வாரானை - பிள்ளைப்பாட்டு (வருகைப் பருவம்), (b) பேரிளம்பெண் - உலா (ஏழு பருவ மகளிர்), (c) கடைதிறப்பு - தூது, (d) பணம் - பரணி (காளிக்குப் பேய்கள் கூறுவது).",
          "isCorrect": true
        },
        {
          "text": "(a)-(ii), (b)-(iii), (c)-(iv), (d)-(i)",
          "rationale": "இவர்களுக்கான இலக்கிய வகை பொருத்தங்கள் தவறானவை.",
          "isCorrect": false
        }
      ],
      "hint": "இந்தச் சொற்கள் சிற்றிலக்கியங்களில் எந்த இலக்கிய வகையோடு தொடர்புடையவை?"
    },
    {
      "questionNumber": 44,
      "question": "பொருத்துக:\n(a) பாலபாரதி\n(b) நவசக்தி\n(c) மணிக்கொடி\n(d) சக்தி\n\n(i) திரு. வி. க.\n(ii) வ. வே. சு. அய்யர்\n(iii) கோவிந்தன்\n(iv) சங்கு சுப்பிரமணியன்",
      "imageUrl": null,
      "answerOptions": [
        {
          "text": "(a)-(iii), (b)-(i), (c)-(iv), (d)-(ii)",
          "rationale": "இவர்களுக்கான இதழ் பொருத்தங்கள் தவறானவை.",
          "isCorrect": false
        },
        {
          "text": "(a)-(iv), (b)-(iii), (c)-(i), (d)-(ii)",
          "rationale": "இவர்களுக்கான இதழ் பொருத்தங்கள் தவறானவை.",
          "isCorrect": false
        },
        {
          "text": "(a)-(ii), (b)-(i), (c)-(iv), (d)-(iii)",
          "rationale": "(a) பாலபாரதி - வ. வே. சு. அய்யர், (b) நவசக்தி - திரு. வி. க., (c) மணிக்கொடி - சங்கு சுப்பிரமணியன் (தொடர்புடையவர்), (d) சக்தி - கோவிந்து",
          "isCorrect": true
        },
        {
          "text": "(a)-(iv), (b)-(ii), (c)-(iii), (d)-(i)",
          "rationale": "இவர்களுக்கான இதழ் பொருத்தங்கள் தவறானவை.",
          "isCorrect": false
        }
      ],
      "hint": "முக்கியமான தமிழ் இதழ்களையும் அவற்றை நடத்திய அல்லது தொடர்புடைய ஆசிரியர்களையும் பொருத்தவும்."
    },
    {
      "questionNumber": 45,
      "question": "பொருத்துக:\n(a) அசோகமித்திரன்\n(b) ராஜம் கிருஷ்ணன்\n(c) இமயம்\n(d) சுந்தரராமசாமி\n\n(i) கோவேறு கழுதைகள்\n(ii) குழந்தைகள், பெண்கள், ஆண்கள்\n(iii) கரிப்புமணிகள்\n(iv) தண்ணீர்",
      "imageUrl": null,
      "answerOptions": [
        {
          "text": "(a)-(i), (b)-(iii), (c)-(iv), (d)-(ii)",
          "rationale": "இவர்களுக்கான நூல் பொருத்தங்கள் தவறானவை.",
          "isCorrect": false
        },
        {
          "text": "(a)-(ii), (b)-(iv), (c)-(i), (d)-(iii)",
          "rationale": "இவர்களுக்கான நூல் பொருத்தங்கள் தவறானவை.",
          "isCorrect": false
        },
        {
          "text": "(a)-(iii), (b)-(ii), (c)-(i), (d)-(iv)",
          "rationale": "இவர்களுக்கான நூல் பொருத்தங்கள் தவறானவை.",
          "isCorrect": false
        },
        {
          "text": "(a)-(iv), (b)-(iii), (c)-(i), (d)-(ii)",
          "rationale": "(a) அசோகமித்திரன் - தண்ணீர், (b) ராஜம் கிருஷ்ணன் - கரிப்புமணிகள், (c) இமயம் - கோவேறு கழுதைகள், (d) சுந்தரராமசாமி - குழந்தைகள், பெண்கள், ஆண்கள்.",
          "isCorrect": true
        }
      ],
      "hint": "நवீனத் தமிழ் எழுத்தாளர்களின் படைப்புகளை அவர்களுடன் சரியாகப் பொருத்தவும்."
    },
    {
      "questionNumber": 46,
      "question": "தமிழ்ப் பெருமக்கள் பண்பாட்டுக் குடியேற்றம் என்பது",
      "imageUrl": null,
      "answerOptions": [
        {
          "text": "கீழைக்கடல் நாகரிகம்",
          "rationale": "பத்தியில் 'அவர்களுடைய பண்பாட்டுக் குடியேற்றமே கீழைக்கடல்நாகரிகம்' என்று நேரடியாகக் குறிப்பிடப்பட்டுள்ளது .",
          "isCorrect": true
        },
        {
          "text": "சிந்து வெளி நாகரிகம்",
          "rationale": "பத்தியில் சிந்து வெளி நாகரிகம் பற்றி எந்தக் குறிப்பும் இல்லை.",
          "isCorrect": false
        },
        {
          "text": "மேலைக் கடல் நாகரிகம்",
          "rationale": "பத்தியில் 'மேனாட்டோடும்' பழகி வந்ததாகக் கூறப்பட்டாலும், 'பண்பாட்டுக் குடியேற்றம்' என்பது 'கீழைக்கடல்' என்றே குறிப்பிடப்பட்டுள்ளது .",
          "isCorrect": false
        },
        {
          "text": "சுமேரிய நாகரிகம்",
          "rationale": "பத்தியில் 'குமேரு மக்கள்' குறிப்பிடப்பட்டாலும், 'பண்பாட்டுக் குடியேற்றம்' சுமேரிய நாகரிகம் என்று கூறப்படவில்லை.",
          "isCorrect": false
        }
      ],
      "hint": "பத்தியின் முதல் சில வரிகளை மீண்டும் கவனமாகப் படியுங்கள்."
    },
    {
      "questionNumber": 47,
      "question": "உறுதிக்கூற்று: (உ): அரிஸ்டாடில் எழுதிய அறநூல் நிகமேகியன் எதிக்ஸ்\nகாரணம்: (கா): உணவு, பட்டினி ஆகிய இரண்டின் நடுநிலை வாழ்வைக் கூறுகிறது",
      "imageUrl": null,
      "answerOptions": [
        {
          "text": "(உ) சரியன்று; (கா) சரி",
          "rationale": "பத்தியின்படி , அரிஸ்டாடில் எழுதிய அறநூல் நிகமேகியன் எதிக்ஸ். எனவே உறுதிக்கூற்று (உ) சரியானது.",
          "isCorrect": false
        },
        {
          "text": "(உ) சரி: (கா) சரியன்று",
          "rationale": "பத்தியின்படி , அந்த நூல் 'பட்டினி' மற்றும் 'விலாப் புடைக்க உண்டு' ஆகியவற்றுக்கு இடையேயான 'நடுநிலை வாழ்வை'ப் பற்றிக் கூறுகிறது. எனவே காரணம் (கா) சரியானது.",
          "isCorrect": false
        },
        {
          "text": "(உ), (கா) இரண்டும் சரியல்ல",
          "rationale": "பத்தியின்படி , இரண்டு கூற்றுகளுமே சரியானவை.",
          "isCorrect": false
        },
        {
          "text": "(உ), (கா) இரண்டும் சரி",
          "rationale": "பத்தியின்படி , உறுதிக்கூற்று (உ) சரியானது. மேலும், அந்த நூல் இரு கோடிகளுக்கு இடையேயான நடுநிலை வாழ்வைப் பற்றிப் பேசுவதால் (உதாரணம்: பட்டினி - अति உணவு) , காரணமும் (கா) சரியானது மற்றும் உறுதிக்கூற்றுடன் தொடர்புடையது.",
          "isCorrect": true
        }
      ],
      "hint": "பத்தியில் அரிஸ்டாடில் பற்றிய பகுதியைப் படித்து, உறுதிக்கூற்றும் காரணமும் சரியானவையா எனச் சோதிக்கவும்."
    },
    {
      "questionNumber": 48,
      "question": "தமிழ்நாட்டில் கலைக்குத் தூண்டுகோலாக அமைந்தது",
      "imageUrl": null,
      "answerOptions": [
        {
          "text": "சீனர் வருகை",
          "rationale": "பத்தியில் சீனர் வருகை பற்றி எந்தக் குறிப்பும் இல்லை.",
          "isCorrect": false
        },
        {
          "text": "ஆங்கிலேயர் வருகை",
          "rationale": "பத்தியில் ஆங்கிலேயர் வருகை பற்றி எந்தக் குறிப்பும் இல்லை.",
          "isCorrect": false
        },
        {
          "text": "யவனர் வருகை",
          "rationale": "பத்தியில் 'மேனாட்டு யவனரது புலிச்சங்கிலியும் பிறவும் இந்நாட்டில் கலைக்கொரு தூண்டுகோலாக அமைந்தன' என்று தெளிவாகக் குறிப்பிடப்பட்டுள்ளது.",
          "isCorrect": true
        },
        {
          "text": "கிறித்தவர் வருகை",
          "rationale": "பத்தியில் கிறித்தவர் வருகை பற்றி எந்தக் குறிப்பும் இல்லை.",
          "isCorrect": false
        }
      ],
      "hint": "பத்தியில் 'கலைக்கொரு தூண்டுகோல்' என்ற சொற்றொடருக்கு முன் யாரைக் குறிப்பிடுகிறது என்று பாருங்கள்."
    },
    {
      "questionNumber": 49,
      "question": "12 அடிக்கு மேல் 32 அடிக்குள் அமைந்த பாடல்கள்",
      "imageUrl": null,
      "answerOptions": [
        {
          "text": "குறுந்தொகை",
          "rationale": "பத்தியின்படி , 8 அடிக்கு உள்ளானவை குறுந்தொகை.",
          "isCorrect": false
        },
        {
          "text": "நெடுந்தொகை",
          "rationale": "பத்தியில் '12 அடிக்கு மேலும் 32 அடிக்குள்ளும் அமைந்தவற்றை நெடுந்தொகை என்று தொகுத்தார்கள்' என்று நேரடியாகக் கூறப்பட்டுள்ளது.",
          "isCorrect": true
        },
        {
          "text": "நற்றிணை",
          "rationale": "பத்தியின்படி , இடைப்பட்டவை (8-12 அடிகள்) நற்றிணை.",
          "isCorrect": false
        },
        {
          "text": "புறநானூற்று",
          "rationale": "பத்தியில் புறநானூறு பற்றி எந்தக் குறிப்பும் இல்லை.",
          "isCorrect": false
        }
      ],
      "hint": "பத்தியின் கடைசிப் பகுதியில் சங்கப் பாக்களின் அடி வரையறைப் பிரிவினையைப் பார்க்கவும்."
    },
    {
      "questionNumber": 50,
      "question": "நற்றிணை என்பதிலுள்ள 'நல்' என்பதன் பொருள்",
      "imageUrl": null,
      "answerOptions": [
        {
          "text": "நல்ல",
          "rationale": "பத்தியின்படி , 'நல்' என்பது பாடல்களின் தரத்தை (நல்ல) மட்டும் குறிக்கவில்லை.",
          "isCorrect": false
        },
        {
          "text": "நடுநிலையிலுள்ள",
          "rationale": "பத்தியில் 'இடைப்பட்டவற்றை நடுநிலையில் உள்ளவற்றை... நற்றிணை என்று தொகுத்தார்கள்' என்று குறிப்பிடப்பட்டுள்ளது.",
          "isCorrect": true
        },
        {
          "text": "பெரிய",
          "rationale": "பத்தியின்படி , 'பெரிய' என்பது நெடுந்தொகையைக் குறிக்கும்.",
          "isCorrect": false
        },
        {
          "text": "சிறிய",
          "rationale": "பத்தியின்படி , 'சிறிய' (குறுகிய) என்பது குறுந்தொகையைக் குறிக்கும்.",
          "isCorrect": false
        }
      ],
      "hint": "பத்தியின் கடைசி வரியில் 'நற்றிணை' எப்படி விவரிக்கப்பட்டுள்ளது என்று பார்க்கவும்."
    }
  ]
}
